{
  "project_info": {
    "project_number": "785443659820",
    "firebase_url": "https://retrdata-250ea.firebaseio.com",
    "project_id": "retrdata-250ea",
    "storage_bucket": "retrdata-250ea.appspot.com"
  },
  "client": [
    {
      "client_info": {
        "mobilesdk_app_id": "1:785443659820:android:e16495e5011a3a7d",
        "android_client_info": {
          "package_name": "com.example.retrdata"
        }
      },
      "oauth_client": [
        {
          "client_id": "785443659820-sefhf60nmqnnks20j1ebj87k45044e4u.apps.googleusercontent.com",
          "client_type": 1,
          "android_info": {
            "package_name": "com.example.retrdata",
            "certificate_hash": "5fa1be103f4d75427ac325a8f1f2d524d9855f8a"
          }
        },
        {
          "client_id": "785443659820-a805efao5jdl6e326lp6aq4ncirk5rfr.apps.googleusercontent.com",
          "client_type": 3
        }
      ],
      "api_key": [
        {
          "current_key": "AIzaSyCudCZW57jsHF_jOqgRXcpqErSpLEhk_Qs"
        }
      ],
      "services": {
        "appinvite_service": {
          "other_platform_oauth_client": [
            {
              "client_id": "785443659820-a805efao5jdl6e326lp6aq4ncirk5rfr.apps.googleusercontent.com",
              "client_type": 3
            }
          ]
        }
      }
    }
  ],
  "configuration_version": "1"
}